Hour,Jan,Feb,Mar,Apr,May,Jun,Jul,Aug,Sep,Oct,Nov,Dec
0:00,,27.38,37.76,39.56,30.78,41.28,45.45,52.93,56.88,41.14,40.34,43.22
1:00,26.33,27.05,39.52,39.8,18.91,41.33,46.08,50.33,57.58,42.32,41.05,43.25
2:00,26.43,26.06,39.05,39.57,10.99,38.89,44.49,49.64,55.99,42.35,41.1,42.09
3:00,26.1,25.56,38.83,39.45,8.42,38.82,43.12,49.07,55.32,42.4,40.59,41.07
4:00,24.7,26.79,39.02,39.43,5.88,38.45,42.36,48.64,54.26,42.61,40.09,42.05
5:00,24.74,26.96,39.6,39.53,4.5,38.01,42.06,47.94,53.99,42.98,40.07,43.5
6:00,18.01,28.85,42.02,39.33,4.07,41.18,42.33,49.92,54.08,45.95,42.78,43.37
7:00,17.78,30.66,62.17,39.51,4.91,47.82,44.16,53.3,55.69,67.47,44.03,42.89
8:00,17.8,34.11,199.92,39.39,14.98,62.04,45.02,60.27,57.2,75.47,44.55,45.6
9:00,19.76,32.73,255.02,39.62,24.34,68.15,45.42,62.01,60.91,82.93,45.33,46.37
10:00,20.73,32.48,205,39.61,28.99,76.06,45.57,63.53,64.9,79.56,45.05,47.06
11:00,24.76,32.41,192.64,39.52,31.03,74.97,45.97,61.92,64.68,73.7,45.37,47.46
12:00,25.68,31.57,131.61,39.17,28.67,75.07,46.03,60.55,64.86,71.63,45.91,47.8
13:00,24.09,31.08,107.98,38.86,25.48,73.71,46.02,59.65,61.98,63.15,46.93,47.7
14:00,25.01,31.45,90.03,38.48,21.93,70.05,45.82,59.23,57.72,60.24,49.6,47.61
15:00,25.81,31.6,58.55,38.15,21.91,58.56,45.61,59.41,57.15,56.18,47.95,47.93
16:00,26.46,31.52,62.05,38.03,23.94,53,46,59.42,56.93,53,47.31,48.45
17:00,27.03,32.1,67.63,38.13,26.24,58,45.92,59.67,57.43,53.37,49.17,48.97
18:00,27.43,32.98,119.65,38.59,30.32,67.68,46.25,64.58,61,60.42,54.1,56.95
19:00,27.29,33.16,153.34,39.22,31.01,46.77,46.79,66.6,64.99,69.93,54.07,48.41
20:00,26.96,32.26,99.94,39.64,29.37,53.94,48.37,67.49,64.91,75,47.03,46.56
21:00,26.7,31.43,59.47,40,28.85,53.18,48.91,64,66.88,65.83,45.94,45.57
22:00,26.47,31.46,51.15,39.89,30.98,45.68,47.04,63.59,62.37,53.86,44.7,45.45
23:00,26.09,30.84,41.99,39.81,32.02,45.39,48.04,61.43,57.24,45.35,43.8,43.06
0:00,24.88,29.36,39.09,39.22,27.93,43.95,46.53,53.77,55.41,42.5,41.87,38.63
1:00,25.28,30.12,40.01,38.58,25.06,42.16,47.7,51.46,56.14,45.1,42.22,43.33
2:00,23.16,29.87,38.86,37.97,21.26,40.42,46.21,50.04,55.01,44.1,40.98,42.16
3:00,24.78,29.79,38.81,37.14,28.18,39.14,45.91,49.58,54.07,44.06,40.8,41.83
4:00,25.03,29.74,38.99,37.06,27.68,38.5,45.39,49.26,53.74,43.77,40.55,40.55
5:00,25.73,30.1,40.07,37.72,30.23,38.5,44.28,48.57,53.78,44.29,41.16,41.35
6:00,26.84,32.18,40.44,39.12,36.03,38.78,46,50.08,53.77,48.13,44.04,41.66
7:00,27.8,33.66,44.03,39.96,37.92,40.45,49.49,53.47,54.07,57.7,45.39,42.96
8:00,30.5,43.04,67.81,39.62,39.81,42.17,50.96,62.21,54.8,68.21,48.14,43.96
9:00,31.93,46.05,119.06,40.33,40.5,43.99,54.02,66.25,56.23,70.36,51.87,44.48
10:00,33.53,46.8,119.47,40.56,40.25,45.71,52.14,67.32,58.05,54.53,47.26,45.29
11:00,35.04,46.79,100.02,40.63,39.95,45.22,50.82,67.32,58.34,48.49,45.78,46.18
12:00,35.22,44.32,80,40.32,39.02,45.06,50.79,66.58,58.13,47.07,45.06,46.53
13:00,34.56,43.07,60.58,39.91,38.1,44,50.95,65.72,57.88,46.33,45.26,46.54
14:00,34.1,39.97,52.97,39.52,37.62,43.9,50.9,64.4,56.48,46.85,45.78,46.57
15:00,35.98,39.92,46.59,38.79,37.55,43.83,50.94,62.58,55.89,46.69,45.15,46.25
16:00,38.05,40.12,43.81,38.62,37.54,43.15,50.62,61.94,55.86,46.27,44.94,46.74
17:00,41.67,42.25,43.99,39.08,37.69,42.67,50.46,63.07,56.69,46.4,45.81,47.29
18:00,42.39,48.02,51.75,39.53,37.99,43.43,51.99,66.42,57.62,46.25,49.3,47.56
19:00,37.79,46.8,75.95,40.11,38.07,45.63,55.24,67.98,59.22,48.52,47.3,47.38
20:00,34.08,43.08,63.76,40.88,38.09,49.83,58.73,69.41,61.81,49.03,44.89,46.7
21:00,30.88,34.14,47.95,41.09,38.1,49.81,57.6,67.72,62.77,46.26,44.2,45.87
22:00,28.85,33.38,43.76,40.92,38.05,49.69,53.27,65.49,59.65,44.85,43.94,45.1
23:00,27.99,32.9,41.69,39.96,37.59,45.87,51.32,63.62,56.04,42.69,43.45,43.09
0:00,27.6,31.92,39.76,39.22,36.03,42.27,48.94,53.93,53.86,42.6,42.54,39.22
1:00,27.12,32.91,41.81,40.07,34.23,43.39,48.53,52.37,53.29,40.69,42.87,43.52
2:00,26.61,32.23,40.22,39.33,32.12,41.59,46.9,51.14,52.94,38.07,42.15,41.93
3:00,26.26,32,39.06,39.01,31.16,40.04,45.18,50.29,52.53,36.42,41.7,40.77
4:00,26.23,31.99,39.54,39.04,30.53,39.33,44.77,49.54,52.23,39.14,41.64,40.86
5:00,26.42,32.25,39.77,39.31,32.22,38.43,44.56,49.66,52.35,39.65,41.92,42.01
6:00,27.47,32.87,40.83,40.52,35.13,39.25,46.79,50.29,56.11,41.34,42.85,45.1
7:00,28.31,32.93,42.48,42.72,37.64,40.18,50.21,57.29,60.25,45.27,43.08,47.66
8:00,28.95,33.36,42.91,46.18,38.73,41.39,56.93,68.09,69.05,47.52,43.43,52.38
9:00,29.2,33.8,44.27,50.46,39.37,43.08,60.4,71.7,71.79,48.39,44.05,51.03
10:00,29.28,37.08,50.79,49.83,38.9,43.57,55.95,71.99,72.02,48.46,51.04,50
11:00,29.42,41.02,50.53,49.64,38.73,44.03,53.45,72.19,71.75,47.74,51.03,49.58
12:00,29.25,42.38,46.08,45.68,38.48,43.89,51.92,71.72,71.83,46.92,51.06,49.3
13:00,29.23,37.07,43.12,45.02,37.95,43.89,52.58,67.55,71.12,46.75,49.15,49.2
14:00,29.49,33.87,41.61,44.74,37.37,43.46,53.89,64.47,68.63,46.52,44.31,49.33
15:00,29.86,33.45,40.88,43.96,37.09,41.62,53.51,61.86,67.05,46.5,44.63,49.69
16:00,30.51,33.49,40.41,43.28,36.46,40.97,52.71,62.59,64.97,46.4,44.7,50.07
17:00,31.33,37.08,40.97,43.22,36.49,41.32,50.96,67.55,66.96,46.24,59.07,50.53
18:00,31.59,45.14,50.12,44.54,37.49,42.58,52.99,68.07,65.99,46.75,67.91,50.56
19:00,30.78,41.09,59.7,47.53,37.92,43.57,54.94,68.82,67.01,54.06,60.75,50.02
20:00,30.15,34.67,45.11,49.95,37.94,44.5,60.19,73.68,67.24,58,53.15,49.67
21:00,29.37,33.36,41,47.85,37.6,45.09,61.52,70.35,65.94,63.82,44.58,48.93
22:00,28.93,32.93,40.2,42.87,37.36,45.27,58.57,70.01,61.06,55.22,43.74,47.56
23:00,28.13,32.69,39.06,40.5,37.28,44.94,53.59,63.78,57.04,46.1,42.33,46.03
0:00,27.31,32.15,38.48,39.13,35,40.66,50.28,53.88,53.8,44.16,41.44,44.71
1:00,27.05,32.5,40.37,39.31,30,38.62,47.99,53.72,54.77,46.25,42.44,36.22
2:00,26.78,31.3,40.02,38.51,26.07,36.13,46.24,51.51,54.09,44.99,42.06,33.14
3:00,26.47,30.96,39.68,38.75,26.02,32.4,45.8,49.94,53.29,44.51,41.9,34.68
4:00,26.49,30.99,39.56,38.94,28.54,31.44,46.02,49.5,52.94,45.74,41.19,36.08
5:00,26.6,30.83,39.48,38.84,30.08,30.85,45.44,48.75,53.2,46.01,41.04,40.82
6:00,27.01,30.79,39.51,40.08,36.12,37.41,47.79,48.73,56.3,49.66,41.34,43.79
7:00,28.04,30.84,39.89,42.75,38,44.71,51.16,49.96,64.67,61.71,41.95,46.62
8:00,30.43,31.23,40,48.5,46.61,46.11,57.44,51.63,70.2,73.8,43.13,48.22
9:00,36.3,31.6,41.58,55.51,52.93,45.66,61.14,54.89,74.47,81,44.03,48.85
10:00,34.97,32.38,41.65,48.76,55.47,45.77,58.06,56.46,74.02,81.58,44.51,48.58
11:00,37.55,33.1,42.97,45,55.47,45.81,57.92,53.79,73.92,78.96,44.7,47.95
12:00,36.02,34.44,42.68,44.9,56.55,45.6,57.29,52.95,73.46,75.34,44.66,47.03
13:00,35.53,33.4,41.71,43.21,38.41,45.58,54.03,52.37,71.06,63.05,44.53,46.61
14:00,35.3,32.08,40.77,42.58,37.87,45.3,53.64,51.47,69.02,54.49,44.42,47.18
15:00,35.83,31.84,40.22,41.32,37.1,45.19,53.67,51.24,68.81,54.4,44.36,47.8
16:00,37.83,32.15,39.5,41.03,36.28,45.06,53.94,51.08,68.55,57.61,44.43,48.07
17:00,39.03,34.25,40.05,41.15,36.91,44.77,53.97,51.1,70.01,66.96,44.94,48.9
18:00,37.91,39.71,44.36,41.49,37.73,45.52,54.95,51.58,69.97,77.23,59.04,49.31
19:00,35.03,42.91,47.68,42.4,37.89,46.07,57.97,52.76,69.99,80.25,45.15,49.04
20:00,31.87,40.01,45.34,42.79,37.86,45.99,59.91,56.26,71.45,88.08,56.3,49.03
21:00,30.78,36.15,40.96,43.74,37.36,45.63,58.49,54.47,73.05,78.74,46.89,48.25
22:00,30.27,35,39.65,42.54,37.19,45.39,56.62,53.09,65.2,70.49,44.01,47.49
23:00,29.63,34.26,38.7,40.07,36.81,45.27,54.16,52.09,60.89,48.59,43.64,46.24
0:00,28.05,32.92,38.25,37.95,33.96,43.07,50.93,49.6,57.06,43.67,42.1,44.93
1:00,27.38,32.14,37.9,39.39,33.53,42.66,50.34,50.61,55.72,45.26,40.54,46.01
2:00,26.93,31.18,37.43,38.88,30.07,41.01,48.55,49.88,54.47,42.47,41.63,45.82
3:00,26.5,30.92,37.47,38.8,28.03,39.44,47.54,49.41,53.56,40.64,41.75,45.94
4:00,26.5,30.93,37.8,39.09,25.98,39.35,47.14,47.86,53.38,41.06,40.95,45.81
5:00,26.88,31.55,38.15,38.96,25.52,39.05,47.34,46.07,54.04,42.45,40.58,46.01
6:00,27.66,33.67,38.68,40.23,27.02,41.63,49.35,45.07,57,46.07,42.53,47.3
7:00,28.65,41.41,44.82,42.24,30.74,45.83,53.17,45.68,65.87,61.14,45.48,54.35
8:00,30.44,75.1,53.94,47.64,34.9,46.81,56.43,47.44,69.96,70.54,63.48,52.53
9:00,32.96,81.26,64.06,52.28,35.51,46.87,61.21,49.44,74,77.83,68.23,59.01
10:00,35.43,80.43,62.63,51.98,35.65,46.93,60.94,49.78,73.54,72.71,65.88,58.38
11:00,37.59,70.02,56.02,47.98,35.46,47.1,62.41,49.69,71.96,54.09,66.65,54.57
12:00,37.55,53.89,54.98,46.53,34.97,47.34,64.07,49.72,70.97,50.21,66.67,53.06
13:00,37.55,48.63,49.02,44.06,33.05,47.22,63.88,49.46,66.91,47.44,64.25,53.12
14:00,37.52,48.09,48.11,43.28,31.81,46.78,63.57,49.36,64.74,49.92,65.56,52.74
15:00,32.94,48.06,53.43,42.42,31.38,46.44,59.04,49.19,64.55,48.24,66.57,52.94
16:00,37.51,49.97,53.78,42.29,31.1,46.68,57.56,48.05,67,48.5,69.24,54.31
17:00,37.6,63.97,54.16,42.44,31.99,46.51,53.97,48.19,69.55,53.66,68.12,57.92
18:00,37.56,93.26,69.67,42.5,32.99,52.34,52.97,49.89,70.82,73.19,67.16,59.01
19:00,34,78.44,83.16,42.65,34.94,58.04,54.83,51.33,69.46,76.78,59.33,53.39
20:00,32.25,55.41,81.61,42.71,35.05,61.8,55.41,52.39,71.99,80.97,57.17,61.52
21:00,31.51,47.75,59.59,42.55,34.91,56.09,55.1,52.91,70.02,77.56,46.91,50.63
22:00,31.25,39.97,49.8,41.2,34.08,51.62,53.79,53.42,63.9,63.52,46.31,49.21
23:00,30.44,39,43.69,39.9,31.48,49.02,52.05,52.97,60.32,46.48,44.76,48.57
0:00,29.64,36.02,40.4,36.87,20.8,44.93,50.21,51.51,57.43,44.41,43,46.54
1:00,29.45,36.12,38.96,36.55,20.86,44.99,49.58,50.05,55.11,44.89,42.92,47.23
2:00,28.55,35,37.96,35.05,21.64,42.09,47.89,47.99,53.87,43.47,42.39,46.28
3:00,28.18,34.65,37.39,33.97,15.02,41.12,46.86,47.02,53.11,43.39,42.23,45.87
4:00,28,35.38,36.78,33.45,5.06,41.62,44.09,46.02,52.99,43.35,42.14,45.45
5:00,28.15,36.25,37.42,33.72,4.36,41.64,43.39,45.08,53.66,43.85,42.52,45.49
6:00,28.7,37.36,39.49,39.04,4.22,44.54,47.32,47.1,55.99,44.26,45.29,48
7:00,29.48,43.95,45.77,41.39,4.75,46.84,50.07,52.91,65.03,44.4,55.73,51.22
8:00,30.35,58.65,58.26,45.64,14.99,47.44,53.69,63.38,72.01,52.85,66.32,55.54
9:00,30.38,64.58,65.19,49.33,21.1,63.44,55.92,68.01,74.95,60.23,68.42,58.06
10:00,30.9,63.69,65.02,43.98,26.68,56.54,55.96,68.34,73.78,69.02,66.61,57.98
11:00,31.89,59.59,63.28,41.94,25.98,49.75,55.94,65.94,70.07,63.23,63.16,54.56
12:00,32.86,49.76,55.03,40.87,21.3,48.79,55.85,64.45,68.91,57.64,63.03,54.58
13:00,32.17,45.64,52.39,40.4,20.85,47.83,55.4,62.36,66.88,56.61,60.73,56.5
14:00,31.79,44.61,50.07,40.08,18.26,47.14,54.73,59.72,64.8,50.27,62.41,55.17
15:00,31.77,46.92,48.98,39.48,15.6,47.16,53.5,60.42,68.36,49,63.14,56.26
16:00,33.05,49.45,48.76,39.37,14.16,47.51,52.39,63.06,67.84,48.18,64.34,59.02
17:00,39.54,53.75,48.24,39.75,20.83,47.93,50.66,66.99,69.38,53.5,66.89,60.5
18:00,41.39,63.89,53.99,40.22,25.09,50.93,50.58,71.71,69.98,58.49,74.68,57.15
19:00,34.45,65.5,59.24,40.53,30.42,59.78,50.26,74.58,68.95,70.33,72.94,54.5
20:00,31.93,58.08,55.21,41.41,33.06,61.17,50.42,78.08,69.45,80.3,69.26,51.91
21:00,31.06,47.3,45.99,40.98,33.53,57.66,50.17,77.29,64.6,68.91,57.84,50.65
22:00,30.72,40.26,43.04,40.53,33.45,48.64,49.6,74.82,62.12,57.11,46.6,49.38
23:00,29.98,37.22,40.58,39.65,30.46,47.36,48.89,69.89,57.51,47.13,45.58,47.76
0:00,29.03,33.98,38.6,37.54,20.88,45.02,47.8,55.63,54.65,45.34,43.87,46.56
1:00,27.58,33.72,38.13,39.1,4.76,44.04,48.18,53.29,54.57,46.95,43.45,45.16
2:00,25.9,33.45,37.66,38.44,4.55,41.76,46.65,52.06,53.69,45.5,42.51,43.87
3:00,25.89,32.91,37.1,38.28,4.76,41.03,44.07,51.01,53.38,44.65,41.59,43.35
4:00,26.16,33.07,36.91,38.13,4.42,40.75,40.1,49.75,53.37,43.02,40.64,43.56
5:00,26.6,33.66,37.54,38.5,4.06,40.36,40.05,49.53,53.66,42.5,41.77,43.67
6:00,27.14,34.44,39.88,38.83,26.45,43.29,45.03,51.51,55.37,43.8,43.77,46.01
7:00,27.43,40.93,45.2,38.75,34.2,47.21,47.39,56.6,60.78,44.6,49.57,48.57
8:00,27.69,60.07,54.51,39.11,36.71,55.63,47.54,68.85,66.09,46.56,60.38,52.09
9:00,27.93,61.33,60.3,40.96,37.43,60.95,48,72.52,73.76,49.49,62.64,56.69
10:00,28.33,58.97,58.56,41.75,37.15,57.97,49.1,72.42,72.42,51.95,61.5,54.5
11:00,28.79,57.88,55.18,41.81,36.74,50.61,49.51,70.7,70.94,53.77,60.08,53.23
12:00,28.95,46.99,54.78,40.92,33.87,48.63,49.34,69.61,69.59,53.71,58.36,52.52
13:00,28.96,44.95,50.27,40.06,33.22,47.98,49.09,68.56,64.05,52.77,58.35,50.89
14:00,28.27,46.22,47.82,39.43,32.73,47.78,48.64,67.36,58.92,50.9,60.03,49.79
15:00,28.29,49,46.51,39,28.46,47.85,48.33,67.73,57.16,49.91,61.43,49.05
16:00,28.62,49.77,46.75,38.73,20.89,48.63,48.04,68.63,56.5,49.05,64.04,48.98
17:00,29.38,52.17,47.72,38.45,19.01,52.92,47.84,69.12,57.41,50.21,67.7,49
18:00,30.88,61.47,53.7,38.93,31.06,56.55,48.29,72.59,59.07,54.14,70.99,49
19:00,31.51,64.14,60.95,39.51,33.6,57.59,48.82,76,60.79,68.32,68.61,48.53
20:00,31.12,55.2,56.9,40.45,34.01,61.14,48.7,78.04,59.88,79,64.46,47.45
21:00,29.96,43.74,46.04,40.48,32.2,56.95,48.43,73.06,58.83,75.22,60.74,46.24
22:00,28.94,40.23,42.26,39.09,32.37,51.7,48.11,66.02,57.91,63.09,46.82,46.2
23:00,28.9,35.93,39.79,38.07,14.95,49.75,48.08,56.06,55.46,59.91,44.79,44.55
0:00,27.57,32.91,37.29,38.82,4.26,46.82,48.25,51.97,53.34,51.47,43.53,42.08
1:00,25.03,33.61,37.37,39.15,4.11,46.02,48.03,49.35,53.97,46.15,43.73,43.04
2:00,23.96,33.06,35.89,38.98,6.93,43.4,46.09,47.55,53.64,44.16,43.33,40.16
3:00,23.92,32.74,35.73,38.96,6.71,42.82,45.06,46.61,52.76,42.94,42.89,39.07
4:00,25.48,32.6,35.63,39.02,8.65,43.98,45.02,43.9,50.99,41.82,42.92,38.63
5:00,26.12,33.4,36.09,39.13,4.96,44.01,45.07,43.9,50.39,41.79,43.5,38.73
6:00,27.96,34.81,36.97,39.28,26.3,46.3,47.11,47.8,51.02,44.2,45.66,40.13
7:00,29.62,43.45,40.54,38.97,33.18,48.93,48.41,51.15,52.08,61.28,53.54,43.14
8:00,41.9,59.61,46.2,38.86,36.44,55.72,48.56,57.3,53.47,78.06,67,44.32
9:00,43.87,64.9,46.96,39.42,36.69,63.52,49.24,63.5,55.7,79.5,68.95,45.57
10:00,42.57,65.37,44.91,39.82,35.62,56.91,49.4,65.04,55.66,79.62,68.82,46.34
11:00,41.98,58.5,42.4,40.05,34.83,55.46,50.1,59.12,56.45,65.29,67.71,46.47
12:00,41.54,59.6,41.51,39.84,34.13,53.05,50.27,55.79,56.22,50.81,65.81,46.65
13:00,41.87,49.96,40.89,39.49,32.49,49.54,50.23,52.62,54.91,50.33,64.97,46.53
14:00,41.87,47.8,40.34,39.12,29.25,49.55,50.02,52.23,54.57,48.76,65.06,46.42
15:00,39.93,48.03,39.51,38.88,20.83,49.09,49.79,51.55,54.28,48.82,67.49,46.43
16:00,40.97,49.08,39.47,38.8,20.71,48.32,49.57,52.13,54.27,51.54,68.49,46.73
17:00,39.69,54.11,40.51,38.85,22.16,48.45,49.69,54.56,54.5,60.05,72.63,47.07
18:00,40.26,63.14,42.99,39.07,27.13,49.25,49.93,62.96,55.68,73.1,92.18,47.17
19:00,37.08,60.07,47.66,39.46,32.91,53.35,50.23,64.63,57.26,82.79,90.06,46.82
20:00,31.16,55.72,44.21,40.72,31.97,53.66,50.43,66.23,57.87,99.56,75.82,46.3
21:00,29.68,45.89,38.8,42.26,32.85,51.82,50.51,66.06,57.57,81.65,67.41,44.5
22:00,28.92,40.97,37.73,41.68,33.13,48.48,50.27,62.78,56.8,67.02,59.16,41.22
23:00,28.49,31.82,36.52,39.9,24.1,49.16,50.83,52.24,55.39,46.15,45.02,40.2
0:00,28.09,30.95,35.57,38.8,4,47.28,49.94,50.07,53.65,43.98,43.84,39.24
1:00,27.17,31.01,35.77,38.57,1.77,46.18,48.93,49.36,53.57,41.32,44.8,37.06
2:00,25.29,30.65,35.33,38,1.59,43.93,47.51,46.33,51.22,38.65,44.14,36.05
3:00,25.3,30.31,34.99,37.94,1.65,42.63,46.94,45.04,50.63,37.03,43.66,33.25
4:00,26.58,30.4,34.99,37.97,1.75,42.01,45.76,43.99,50.6,38.55,43.7,30.4
5:00,27.26,30.59,35.55,39.1,1.93,40.87,45,44,50.62,38.79,44.08,24.28
6:00,28.25,31.43,36.4,39.92,3.63,41.94,47.37,46.61,50.48,44.93,46.1,25.71
7:00,28.99,34.22,38.14,42.46,9.5,45.17,50.14,51.21,50.55,61.71,59.69,37.24
8:00,31.54,45.56,41.98,50.04,33.54,46.76,53.52,62.79,51.74,74.3,69.06,40.44
9:00,32.53,48.36,43.93,61.14,35.34,47.2,53.86,65.08,52.96,80.97,72.56,43.57
10:00,32.26,46.21,41.94,52.01,34.53,47.69,53.37,64.88,54.22,82.58,66.3,44.78
11:00,32.13,44.33,40.69,47.77,33.76,47.73,53.74,66.26,55.51,78.19,66.07,45.52
12:00,32.32,38.96,39.81,44.78,32.63,47.61,54.21,66.18,55.33,63.14,64.41,45.87
13:00,32.04,39.11,38.51,42.94,32.15,47.45,53.47,64.31,55.03,53,62.22,45.87
14:00,31.8,39.11,39.72,42.5,28.89,47.35,53.37,61.48,54.6,52.07,60.66,45.82
15:00,31.47,41.09,40.38,41.51,27.1,47.03,53.56,58.98,54.23,54.3,61.33,45.63
16:00,31.4,41.1,40.84,41.35,23.77,47,53.19,57.41,54.01,60.91,63.26,46.1
17:00,32.25,45.07,41.56,41.96,9.87,46.98,52.52,55.73,54.14,67.31,65.78,46.87
18:00,32.87,48.4,45.03,43.68,10.07,47.22,52.39,57.93,55.75,78.16,69.72,46.87
19:00,32.44,48.8,54.01,44.91,9.31,48.48,52.61,58.76,57.3,87.84,66.53,46.64
20:00,31.5,42.06,46.22,45.26,10.28,48.96,53.06,56.9,58.55,107.63,62.06,46.21
21:00,30.59,32.73,47.71,43.66,10.75,48.91,52.73,52.36,58.48,86.76,53.83,45.83
22:00,30.15,31.89,41.42,41.26,22.4,48.03,51.94,51.41,57.74,64,45.38,43.72
23:00,29.23,31.56,39.76,39.63,7.19,47.46,51.86,49.54,55.82,59.34,44.26,41.76
0:00,28.56,31.17,37.9,38.36,3.75,45.17,49.73,47.29,53.11,41.35,42.71,38.89
1:00,28.87,31.53,37.88,38.45,2.89,45.46,48.37,44.84,53.47,42.28,42.69,40.78
2:00,28.3,31.27,36.84,37.04,2.24,43.95,47.68,42.22,50.9,41.4,41.48,37.75
3:00,27.95,31.06,36.44,37.03,2.34,43.31,46.65,41.1,49.52,41.35,40.49,37.54
4:00,27.57,31.15,36.04,37.05,2.42,42.19,45.7,40.68,48.06,42.33,40.03,38.39
5:00,28.04,31.43,36.27,37.78,2.2,42.08,45.03,38.81,49.1,42.35,40.03,41.46
6:00,30.17,31.8,36.51,39.09,2.99,42.92,48.19,39.93,54.01,54.12,40.95,45.45
7:00,33.54,31.8,36.72,41.37,4.19,44.2,50.61,47.79,56.84,70.43,41.54,47.44
8:00,44.01,31.41,37.25,44.32,15.09,45.5,55.46,49.69,58.1,88,42.23,50.76
9:00,47.98,36.07,37.56,45.74,26.4,46.41,58.34,51.43,59.19,93.22,42.71,51.18
10:00,47.98,36.07,37.89,44.01,26.93,46.91,58.9,51.58,59.31,86.84,43.23,51.22
11:00,48.04,40.49,37.66,43.26,25.71,47.49,58.41,51.08,59.15,80.81,43.69,49.67
12:00,47.78,40.47,37.39,41.98,26.19,47.5,58.26,50.6,58.31,73.69,43.75,49.4
13:00,47.09,36.06,37.03,42,23.05,47.34,57.32,48.66,57.59,56.63,43.74,49
14:00,44.15,36,36.59,41.67,20.88,47.01,57.02,47.58,56.82,53.63,42.87,48.79
15:00,45.97,31.99,36.36,41.07,16.92,46.04,55.97,46.87,57.13,51.99,43.99,49.11
16:00,46.83,32.72,36.31,40.82,16.98,45.47,55.15,46.18,56.86,53.68,44.49,50.41
17:00,48.9,38.82,36.76,40.9,19.24,45.96,54.37,48.04,57.12,57.47,45.16,50.59
18:00,51.9,41.72,38.67,41.08,22,46.9,56,51.69,57.44,69.3,45.89,50.68
19:00,52.69,44.35,41.3,41.27,27.54,47.63,57.05,50.98,57.52,70.68,45.32,49.14
20:00,44.94,40.57,41.28,41.26,25.08,48.65,57.38,51.1,58.19,72.88,44.35,49.02
21:00,39.72,34.44,38.43,41.16,18.96,48.86,56.08,50.39,79.93,53.71,42.93,48.1
22:00,35.81,32.46,36.71,40.55,16.84,48.71,54.75,51.09,56.36,51.18,41.21,46.91
23:00,31.92,31.54,36.38,39.42,6.72,48.53,54.65,49.76,55.33,46.74,41.19,45.57
0:00,30.34,30.01,36.06,37.94,4.08,46.65,50.69,48.25,54.13,42.1,39.58,44.54
1:00,31.01,29.62,36.38,38.69,3.08,45.4,49.48,48.24,53.4,35.01,40.12,44.85
2:00,30.03,29.33,35.94,38.14,2.69,42.72,49.04,45.8,51.28,31.71,38.35,43.87
3:00,29.86,28.99,35.76,37.99,2.98,42.27,48.15,44.02,48.59,29.97,37.93,43.17
4:00,29.97,28.84,35.78,38.28,3.17,41.44,47.99,41.39,46.9,30.91,35.84,43
5:00,30.95,28.89,35.69,38.42,3.62,41.45,47.27,40.64,48.06,34.98,34.89,43.96
6:00,33.24,28.79,36.02,39.62,17.26,44.03,48.36,41.01,52.65,44.08,34.98,46.21
7:00,39.44,28.94,36.33,40.7,31.97,50.62,51.41,41.52,57.03,49.98,35.93,48.14
8:00,51.37,29.06,36.13,44.57,37.57,62,55.62,44.22,72.5,71.21,37.98,50.2
9:00,55.65,29.36,36.34,46.69,39.91,64.79,57.51,47.97,69.97,71.52,40.05,51.25
10:00,55.11,29.67,36.54,44.69,40.95,64.02,57.75,48.48,66.59,59.71,41.26,51.74
11:00,55.13,29.9,36.86,43.55,41.33,63.59,56.94,48.46,65.09,49.3,42.08,52.26
12:00,54.57,30,36.87,42.13,40.48,65.02,56.69,48.56,62.8,48.61,42.25,53
13:00,52.86,29.83,36.51,41.3,39.29,64.08,55.99,48.76,61.89,47.59,41.14,52.82
14:00,46.87,29.71,36.22,41.35,38.07,63.01,54.99,48.43,59.62,47.79,40.36,52.8
15:00,49.91,29.61,35.52,40.66,37.44,60.23,54.29,47.97,57.42,48.36,40.85,53.19
16:00,52.28,30.01,35.5,40.62,37.13,55.99,53.67,47.08,57.4,58.51,42.38,54.62
17:00,54.81,30.36,36.02,40.89,37.01,54.08,52.66,48.07,57.92,63.5,44.75,56.66
18:00,56.38,30.82,37.02,40.95,35.83,49.71,55.23,48.74,57.3,71.1,45.63,56.7
19:00,56.1,31.35,37.49,41.21,33.55,48.84,56.91,49.6,57.36,76.84,45.12,53.81
20:00,40.06,31.03,38.06,41.57,33.03,48.54,57.08,50.78,58.09,76.92,43.85,53.19
21:00,35.14,30.3,36.9,41.68,31.64,47.8,55.83,50.98,57.28,70.15,43.04,52.52
22:00,33.14,29.91,36.06,41.09,32.41,47.59,55.12,51.17,56.65,57.03,41.64,51.01
23:00,31.05,29.63,35.71,40.2,31.54,47.53,54.32,50.2,54.36,44.6,41.68,49.45
0:00,30.06,29.06,34.95,39.32,30.05,45.06,51.58,49.38,50.94,42.12,38.58,48.41
1:00,30,28.9,34.31,39.64,31.84,41.93,50.34,47.06,48.32,40.98,36.1,48.82
2:00,29.42,28.57,33.1,39.41,30.02,40.45,49.5,44.5,47.14,40.13,37.8,48.09
3:00,29.2,28.01,34.01,39.35,28.28,39.04,49.09,42.8,45.97,39.36,38.26,47.83
4:00,29.18,28.81,35.01,39.41,28.25,39.95,49.03,42.05,47.15,40.19,39.2,47.82
5:00,29.6,28.9,35.84,39.51,28.04,39.1,48.63,40.99,47.73,40.39,39.05,48.36
6:00,31.22,29.37,38.2,39.76,27.99,41.92,49.6,40.93,51.15,44.86,43.07,51.04
7:00,33.22,30.54,41.59,41.06,29.06,46.72,51.05,41.47,53.86,56.65,46.41,55.32
8:00,44.19,31.84,49.37,44.74,32.04,61.13,55.81,40.97,56.44,68.85,47.99,69.62
9:00,47.08,32.3,50.48,49.99,32.99,64.44,58.9,42.11,57.93,71.47,48.57,75.62
10:00,44.35,32.17,49.99,43.88,36.71,63.72,56.97,43.89,57.05,69.71,51.98,73.66
11:00,43.57,32.12,47.91,41.98,33.46,69.48,58.31,44.54,56.53,69.52,51.95,63.16
12:00,43.44,31.86,46.23,41.08,32.41,79.78,58.3,45.02,56.15,61.95,51.98,62.32
13:00,39.58,31.58,45,40.72,30.31,83.04,56.51,45.02,56.26,49.25,52.77,66.06
14:00,37.63,31.58,42.48,40.45,30.01,83.05,54.92,44.43,55.53,48.75,52.77,64.04
15:00,36.73,31.59,41.65,39.6,28.43,69.41,54.45,44.41,54.74,47.84,52.49,65.04
16:00,35.2,31.77,41.67,39.51,28.07,70.36,54.22,45.09,54.13,53.32,52.38,74.94
17:00,44.07,32.52,42.49,39.56,27.69,63.72,53.46,45.87,54.09,56.95,53.14,79.55
18:00,45.89,37.3,46.96,39.63,31.38,58.74,55.44,47.45,54.6,67.32,53.27,76.4
19:00,43.53,35.78,50.24,39.66,34.46,56.31,56.32,49.58,54.88,69.94,53.01,69.99
20:00,33.11,33.98,49.94,40.11,33.2,56.2,57.23,50.67,55.6,77.18,52.02,62.83
21:00,31.56,32.44,42.24,39.84,32.98,54.08,55.7,51.8,54.88,65,46.48,53.57
22:00,31.45,31.92,39.71,39.54,33.18,50.15,54.57,54.96,54.26,53.58,45.78,53.48
23:00,30.36,31.1,37.6,39.32,32.33,50.29,54.85,50.43,52.06,48.8,44.25,50.92
0:00,29.54,30.96,36.58,38.93,19.5,46.27,51.16,49.45,49.55,40.07,41.81,49.22
1:00,30.15,30.79,37.35,38.69,26.68,46.18,51.33,49.06,50.53,35.28,42.87,49.57
2:00,29.63,30.57,36.94,38.36,20.89,44.09,50.29,47.08,50.12,30,42.62,48.77
3:00,29.16,30.5,35.97,38.31,17.06,42.39,49.84,44.97,50.12,26.33,42.5,48.16
4:00,28.93,30.78,35.62,38.52,14.92,41.97,49.07,44.18,50.65,25.42,42.48,47.86
5:00,28.79,31.08,36.79,38.52,14.88,41.56,48.43,44.06,51.81,26.97,42.93,48.24
6:00,28.98,32.68,38.29,39.15,13.77,46.16,49.92,47.26,53.39,31.4,44.98,50.08
7:00,29.35,37.1,40.6,40.81,14.03,47.13,52.44,53.69,62.88,34.56,51.01,56.05
8:00,30.28,45.49,46.46,43.85,15.37,60.06,56.11,60.79,79.38,36.56,58.25,70.04
9:00,30.85,47.45,47.51,46.53,17.74,68.36,57.98,63.04,81.9,39.45,59.31,74.66
10:00,31.51,46.41,47.07,45.06,24.9,71.56,56.53,63.76,78.02,40.32,60.03,74.08
11:00,31.81,42.95,46.95,41.93,28.14,70.26,55,64.49,77,40.52,59.6,62.41
12:00,31.89,38.05,44.59,40.48,22.8,69.1,54.21,64.93,75.88,40.39,53.13,58.46
13:00,31.88,34.5,45.81,39.66,18.4,65.07,54.21,63.44,74.82,37.4,48.52,65.46
14:00,31.85,34.06,43.97,39.16,13.51,59.63,54.1,64.81,73.51,34.1,47.91,62.9
15:00,31.39,35.95,43.9,39.01,10.18,55.4,54.06,64.32,73.13,31.95,48.31,63.03
16:00,31.33,36.32,42.36,38.54,9.89,52.41,53.6,60.84,72.3,36.52,49.94,76.1
17:00,33.92,44.27,41.85,38.96,11.02,49.27,52.8,59.56,71.18,38.54,51.65,79.38
18:00,37.96,49.85,46.04,39.47,17.33,49.35,53.93,60.14,73.88,39.85,60.08,68
19:00,36.71,53.07,50.92,39.6,23.49,52.12,55.71,59.91,75.87,41.29,59.28,75.38
20:00,32.07,43.86,50.19,39.66,26.97,53.06,56.57,62.09,77.3,40.35,54.31,61.39
21:00,30.59,38.97,43.91,39.48,25.13,52.91,55.02,59.26,80.45,38.68,48.05,52.81
22:00,29.8,36.08,42,39.41,24.07,52.97,54.4,59.99,73.18,31.52,46.69,52.69
23:00,29.34,32.23,39.46,39.01,24.05,51.24,54.34,55.34,55.89,24.72,45.52,50.74
0:00,28.8,31.18,37.66,37.72,19.42,46.91,51.92,49.94,53.65,13.99,43.68,49.65
1:00,28.9,32.06,37.04,31.64,19.78,47.25,52.17,49.41,53.24,4.69,43.14,49.69
2:00,28.44,31.71,36.08,29.2,16.28,45.54,50.77,47.88,52,4.27,43.13,48.83
3:00,28.06,31.52,36.06,29,14.13,43.65,49.78,46.88,51.57,3.37,43.15,48.39
4:00,27.97,31.59,36.1,29.92,14.87,42.98,48.91,45.7,50.81,3.23,44.2,48.69
5:00,27.87,32.43,37.12,33.67,15.62,43.08,47.2,45.77,51.11,3.7,44.94,49.49
6:00,28.01,33.63,39.15,32.8,26.26,44.9,48.23,48.22,54.76,4.18,46.97,52.98
7:00,28.35,41.79,45.27,36.93,37.31,46.4,49.66,53.47,63.59,4.06,53.39,63.42
8:00,28.55,48.28,60.6,38.91,54.06,52.49,50.37,61.71,74.13,5.06,62.73,75.88
9:00,28.83,56.28,64.98,39.74,58.01,56.74,52.51,64.07,76.57,23.42,63,87.92
10:00,29.41,53.72,61.99,39.92,55.83,53.62,52.71,64.39,76.58,26.71,65.42,88.93
11:00,29.74,44.91,57.98,39.87,50.79,65.04,52.66,64.93,75.59,26.94,65.53,81.88
12:00,30.13,40.13,53.83,39.77,42.43,47.52,52.63,65.09,74.14,25.76,64.45,82.31
13:00,29.81,35.91,49.58,39.47,40.97,47.46,52.04,65.7,69.58,20.73,62.23,82.66
14:00,29.44,35.12,48.45,39.14,40.07,47.25,51.67,63.71,63.62,20.75,63.75,79.85
15:00,29.94,35.96,46.99,38.96,39.85,47.08,51.38,62.9,57.51,13.92,64.32,81.3
16:00,31.32,40,47.66,38.87,37.84,46.74,51.08,61.93,56.39,19.54,68.42,83.04
17:00,33.97,41.2,47.77,39.06,37.42,45.92,51.2,60.02,56.92,20.74,72.2,84.84
18:00,37.08,44.99,53.63,39.34,36.74,46.75,51.69,58.52,60.78,36.15,81.47,94.96
19:00,36.33,44.53,62.81,40.05,41.01,50.67,53.45,59.89,71.16,38.53,76.29,81.35
20:00,33.38,40.01,59.48,40.95,43.1,51.98,54.32,63.53,73.11,38.27,73.1,73.84
21:00,30.55,36.63,47.52,41.03,40.87,47.2,55,61.92,58.5,32.6,62.72,55.1
22:00,29.69,32.61,40.93,41.14,40.71,46.9,54.22,61.97,55.14,29.41,48.2,55
23:00,29.33,31.19,38.58,40.95,37.3,46.37,55.01,57.05,52.28,23.75,46.69,53.71
0:00,28.82,29.77,37.74,39.99,32.25,41.19,52.4,50.99,50.09,4.45,45.18,51.55
1:00,26.9,30.08,37.99,39.56,32.36,40.06,51.05,49.41,49.65,1.92,44.76,53.1
2:00,24.61,30,37.59,39.3,30.24,38.75,49.22,48.39,48.6,2.41,44.07,51.56
3:00,23.1,30.01,37.56,38.97,28.85,37.8,48.03,47.85,46.04,4.1,43.77,50.92
4:00,20.89,29.73,38.07,38.91,28.02,36.77,46.85,46.55,44.26,7.33,43.52,51.06
5:00,27.15,30.05,38.55,39.02,30.01,37.73,46.05,45.52,43.86,12.33,44.67,50.5
6:00,28.74,30.8,40.46,38.98,32.58,41.92,48.02,47.19,44.51,40.95,46.18,50.78
7:00,30.08,31.37,41.59,39.11,41.01,48.03,48.93,51.07,46.81,58.58,55.81,51.07
8:00,32.35,32.77,53.07,39.53,76.04,59.92,49.73,55.25,48.87,72.77,71.41,52.21
9:00,33.5,34.06,73.48,39.85,94.81,63.42,50.85,59.68,50.38,77.15,72.66,53.45
10:00,32.57,33.51,71.18,40.13,93.51,61.07,51.62,59.27,52.02,74.72,73.27,66.76
11:00,31.54,32.85,58,40.57,86.46,57.62,52.34,59.62,51.57,62.39,69.88,65.38
12:00,30.3,32.78,53.37,40.33,85.66,56.73,52.37,61.3,51.35,54.19,66.76,67.27
13:00,29.43,32.74,50.32,39.89,58.29,53.71,52.37,60.62,50.2,49.71,67.19,63.39
14:00,29.29,32.98,46.02,39.5,50.3,49.24,51.94,58.43,48.16,51.05,65.89,58.71
15:00,29.42,33.17,43.93,39.38,47.32,47.76,51.81,58,47.64,51.45,66.79,55.35
16:00,29.24,33.41,43.99,39.33,40.5,47.91,51.65,56.97,47.8,55.26,71.35,53.89
17:00,29.35,33.79,42.27,39.39,39.91,48.06,52.03,53.96,48.1,71.86,72.69,53.66
18:00,30.01,35.18,42.16,39.64,41.07,48.74,52.47,54.63,50.33,78.36,79.7,60.32
19:00,29.39,36.96,43.87,39.76,47.9,52.68,53.1,57.98,57.29,90,71.34,52.87
20:00,29.16,35.14,43.37,41.17,50,55,54.25,56.73,67.13,91.93,63.08,51.41
21:00,28.86,33.92,41.25,42.49,49.96,54.75,54.61,60.4,67.35,73.5,58.01,50.3
22:00,28.03,33.89,40.85,41.73,47.08,52.64,54.87,61.86,51.63,58.99,47.21,49.41
23:00,24.71,33.01,39.18,40.32,46.08,48.03,55.03,53.21,50.41,52.68,46.02,48.2
0:00,16.53,32.15,38.08,39.18,32.35,45.56,53.26,50.57,49.19,44.96,44.99,46.59
1:00,26.14,32.05,37.82,38.75,33.81,43.92,51.11,49.41,51.87,44.7,44.88,47.13
2:00,23.78,31.86,37.6,38.28,32.35,41.65,49.01,47.97,49.87,43.43,44.41,46.98
3:00,20.39,31.78,37.53,38.16,31.93,41.01,47.9,47.39,46.28,42.47,44.05,46.59
4:00,21.51,31.51,37.56,38.36,31.22,40.71,47.72,46.82,43.59,44.18,44.19,46.25
5:00,23.69,31.99,38.1,39.03,31.03,40.29,47.54,46.51,43.75,50.95,44.66,46.32
6:00,27.91,33.02,40.59,40.97,34.06,41.28,49.86,48.5,44.17,55.66,46.45,46.34
7:00,29.07,34.99,42.31,46.65,45.95,42.04,53.05,52.86,44.17,72.27,56.15,46.79
8:00,31.65,45.2,47,56.1,103.25,43.72,56.42,59.6,48.14,76.05,64.94,47.59
9:00,32.76,46.27,49.04,64.99,117.05,45.83,57.97,62.1,50.33,80.06,70.06,48.34
10:00,33,45.82,46.77,58.97,177.22,46.4,58.75,59.82,53.19,83.95,67.11,48.67
11:00,32.92,44.45,44.68,55.74,170.99,46.61,57.43,55.01,54.27,78.82,67.51,49.09
12:00,32.97,37.93,43.61,52.97,151.81,46.23,57.74,53.03,54.24,75.93,61.97,50.55
13:00,32.89,34.94,42.49,51.81,137.84,45.4,56.11,51.02,53.27,72.23,58.74,51.52
14:00,32.9,34.8,41.92,49.99,137.48,44.87,54.94,50.72,52.9,71.07,61.83,51.45
15:00,32.89,34.42,41.81,46.3,110.96,44.51,55.46,50.46,52.22,70.29,65.25,51.71
16:00,33.78,34.94,41.2,45.79,38.09,44.47,55.41,50.8,51.93,69.72,66.05,52.49
17:00,36.94,35.63,40.95,44.81,36.01,44.72,55.91,51.88,52.1,72.26,68.29,55.2
18:00,42.18,43.15,42.27,45.74,40.21,45.53,57.36,60.94,53.09,76.08,67.76,57.08
19:00,44.34,49.05,43.96,48.49,40.36,46.02,57.92,63.79,57.14,89.97,58.41,58.25
20:00,33.99,39.39,42.85,52.84,42.03,46.8,58.3,64.11,57.92,105.12,50.78,52.93
21:00,34.81,35.81,41.14,55,42,46.08,57.8,64.4,55.83,82.92,46.08,52.13
22:00,30.69,34.92,39.54,48.08,39.31,45.66,55.55,50.71,52.79,67.41,45.77,51.57
23:00,29.38,33.57,38.04,43.98,32.89,46.1,54.49,50.23,50.37,58.55,45.23,50.63
0:00,27.88,32.96,37.86,41.55,20.64,44.24,51.84,48.11,47.43,45.6,43.8,49.82
1:00,28.14,34.67,38.59,40.16,19.93,43.87,50.27,46.89,44.2,44.08,43.71,50.41
2:00,27.75,33.97,38.3,39.71,10.06,42.09,49.1,45.39,43.08,42.74,39.38,49.94
3:00,27.53,33.97,38.1,39.41,5.17,40.42,48.03,44.89,43.04,40.39,42.87,49.78
4:00,27.47,33.61,37.88,39.13,5.12,40.02,47.77,44.72,41.74,41.86,42.03,49.05
5:00,27.91,33.62,37.66,39.18,4.89,39.6,45.05,44.98,42.91,48.91,42.87,49.47
6:00,29.05,33.86,37.9,39.76,24.87,39.64,48.27,46.57,49.05,54.36,42.18,52.03
7:00,31.47,34.59,37.95,45.13,36.19,40.55,52.43,52.61,60.42,69.29,44.22,60.68
8:00,39.04,35.49,38.12,54.88,44.32,41.48,56.07,61.37,66.96,77.72,45.2,75.6
9:00,44.95,36.9,38.4,56,79.96,43.63,58.91,62.9,72.02,89.99,46.15,81.02
10:00,42.49,40.66,38.72,51.93,86.83,44.77,57.97,64.39,70.93,85.5,46.9,80.04
11:00,39.88,44.6,38.84,48.25,91.93,45.42,56.05,63.05,70.22,78.55,46.82,76.69
12:00,38.99,42.4,38.24,46.05,50.77,45.7,56,62.82,61.8,74.24,46.9,77.73
13:00,34.75,40.64,37.81,44.92,39.94,45.45,53.98,60.47,58.6,61.22,46.4,76.49
14:00,32.54,38.01,37.57,42.75,35.86,44.88,53.67,57.85,55.55,59.27,46.4,76.49
15:00,32.38,35.97,37.22,40.38,34.57,44.24,53.63,53.92,55.38,61.48,46.89,76.75
16:00,33.11,35.93,36.78,39.97,33.39,44.04,53.77,53.01,57.05,70.81,51.56,78.81
17:00,38.04,38.52,36.83,40.98,32.89,44.06,53.67,55.84,66.37,74.53,59.66,79.05
18:00,38.9,44.99,37.93,43.65,35.21,44.26,53.92,61.49,73.2,80.95,58.2,80.9
19:00,38.44,49.77,39.47,49.09,36.11,44.17,56.18,62.91,74.8,89.94,60.62,78.78
20:00,34.26,47.31,38.95,50.08,36.59,45.03,57.57,63.05,89.12,112.66,58.12,70.15
21:00,31.2,39.47,37.78,44.31,35.7,45.62,55.57,63.02,79.86,81.57,51.62,56.56
22:00,30.57,37.69,37.5,42.67,35.18,45.85,53.88,62.69,68.34,60.1,47.02,54.86
23:00,29.92,35.85,37.63,41.59,34.33,45.81,53.41,49.74,59.55,56.49,46.92,53.58
0:00,29.33,34.88,37.28,39.83,28.95,44.4,51.32,48.67,48.89,53.58,45.39,52.5
1:00,29.12,34.91,37.75,38.64,19.98,43.46,49.88,49.09,50,41.94,46.2,52.33
2:00,28.6,34.82,37.44,37.8,15.34,40.5,48.06,48.44,48.45,41.24,43.9,51.02
3:00,28.46,33.98,37.31,37.02,6,39.01,47.9,47.73,45.55,40.42,42.94,50.24
4:00,28.34,33.89,37.37,36.54,5.96,37.69,46.28,46.41,45.03,42.33,43.93,49.42
5:00,28.75,33.83,37.36,36.42,4.77,36.82,42.06,46.16,45.51,44.01,44.28,50.19
6:00,29.92,33.99,37.14,38.16,32.22,40.85,47.88,45.92,49.07,51.06,43.8,52.91
7:00,31.2,33.51,35.88,42.31,35.1,44.68,50.14,47.64,57.25,59.59,44.9,57.14
8:00,42.93,33.56,36.56,51.74,50.72,54.05,53.47,48.66,71.92,76.09,45.51,71.22
9:00,42.15,34.23,37.03,55.43,48.82,50.81,55.63,49.99,73.96,80.99,46.36,74.63
10:00,42,35.42,37.74,47,42.97,46.91,54.12,50.36,72.99,79.02,47.99,72.04
11:00,40.91,35.75,37.39,44.03,41.8,45.99,53.68,50.15,69.47,72.8,47.96,69.68
12:00,39.34,35.97,36.98,42.28,39.4,45.59,53.69,49.48,65.26,63.03,48.4,67.63
13:00,37.41,34.71,36.27,41.71,38.05,44.98,53.59,47.42,60.17,55.28,48.95,66.12
14:00,35.82,35,35.64,40.89,37.2,45.02,53.62,46.06,55.44,55.04,48.27,66.43
15:00,34.85,34.38,35.31,39.73,36.49,44.84,53.43,45.57,54.96,55.12,48.4,66.87
16:00,36.73,34.94,35.16,39.66,35.26,44.98,53.37,46.03,54.3,55.28,49.91,66.15
17:00,39.36,36.24,36.28,40.28,36.44,44.58,53.23,46.85,55.68,60.45,50.93,65.9
18:00,42.15,41.35,37.49,41.01,41.58,45.54,53.68,48,59.15,69.97,52.39,67.14
19:00,42.04,47.45,40.38,42.81,38.1,48.78,54.18,48.16,59.72,80.15,51.9,61.05
20:00,41.49,44.04,41.06,43.26,37.83,49.87,56.58,48.11,59.99,83.86,49.52,55.07
21:00,38.93,40,39.78,42.86,36.62,49.59,55.51,47.67,55.09,72.09,46.96,53.53
22:00,34.3,36.96,38.06,42.18,36.24,44.9,53.72,48.04,51.87,58.63,46.15,52.56
23:00,32.57,35.36,38.06,41.06,35.15,44.2,52.73,46.41,48.56,51.75,46.47,50.68
0:00,30.45,33.77,36.88,38.08,33.73,41.59,49.88,43.64,44.72,42.09,44.16,48.82
1:00,30,33.77,34.1,35.8,37.23,39.65,50.25,44.18,44.04,50.48,41.97,49.69
2:00,29.97,33.56,33.05,34.06,35.18,37.01,49.05,42.89,41.23,47.8,41.71,49.11
3:00,29.49,33.78,33.35,33.4,34.14,34.03,47.47,42.66,41.28,38.64,40.13,48.47
4:00,29.56,33.94,34.27,33.7,33.97,26.82,42.03,42.69,41.69,47.47,39.91,48.1
5:00,30.02,35.07,36.42,33.92,33.79,26.98,41.39,42.48,42.84,47.94,41.55,48.94
6:00,31.76,37.65,39.47,36.46,33.84,35.02,46.21,42.9,46.19,53.04,45.62,50.69
7:00,39.13,47.33,43.62,40.57,34.87,41.74,51.05,44.21,56.2,70.89,48.08,51.86
8:00,49.85,57.95,52.21,49.3,35.23,44.48,54.09,45,68.23,79.02,53.69,53.86
9:00,51.94,61.28,60.09,49.96,36.89,44.59,56.59,46.06,74.22,84.09,53.67,54.97
10:00,50.36,61.63,52.13,46.19,38.07,44.38,55.95,47.02,58.03,84.28,53.17,54.95
11:00,49.58,59.67,47.91,43,37.64,44.2,54.08,46.02,55.97,81.94,52.28,55.01
12:00,46.88,58.11,45.72,41.73,35.54,43.96,54.04,45.89,55.91,75.19,51.97,55.29
13:00,42.99,54.24,45.91,39.92,34.48,43.87,53.89,44.7,51.92,69.16,51.5,55.31
14:00,41.67,52.67,42.24,39.66,33.85,43.78,52.99,44.24,50.74,63.9,51.59,55.12
15:00,39.49,53.24,41.49,38.73,32.6,43.6,53.01,42.65,50.26,60.29,52.16,55.1
16:00,41.78,52.68,41.12,38.63,32.22,43.15,53.8,42.58,50.67,60.92,53.09,55.93
17:00,44.3,49.75,41.17,39.42,32.25,42.6,53.63,44.32,51.63,70.63,53.63,56.58
18:00,49.57,59.92,42.32,41.21,34.84,43.33,55.26,47.09,55.46,78.08,56.43,56.38
19:00,49.74,67.84,47,41.85,37.41,43.97,56.6,49.61,55.28,81.96,53.11,55.67
20:00,44.79,54.39,41.98,42.4,36.75,44.49,57.96,49.99,55.92,83.95,51.18,55.15
21:00,38.83,43.3,40.75,40.74,35.76,49.76,56.57,50.07,51.08,77.58,47.56,54.31
22:00,36.94,42,40,39.56,35.93,49.76,55.05,50.17,48.52,67.3,46.21,53.13
23:00,35.84,38.12,39.52,38.01,35.66,43.06,54.35,49.5,43.12,58.42,44.64,51.63
0:00,32.61,35.77,37.36,34.63,31.7,41.09,51.9,48.02,37.58,43.85,40.6,50.08
1:00,30.83,37.27,38.02,34.55,32.51,41.04,51.52,46.59,37.12,45,39.1,47.62
2:00,29.72,36.43,37.28,32.2,27.71,38.4,50.23,46.06,31.16,43.51,37.01,48.18
3:00,29.3,36.06,37.06,31.23,22.7,38.07,49.64,44.15,29.58,42.09,37.83,48.35
4:00,29.01,35.65,36.59,31.38,22.61,38.03,48.12,43.8,31.76,40.92,37.06,47.5
5:00,28.98,36.95,36.59,32.06,18.01,37.12,46.42,43.6,33.52,41.38,40.14,48.03
6:00,29.23,40.69,38.53,35.18,17.06,40.94,49.18,46.76,41.26,43.59,44.03,50.74
7:00,29.68,47.19,41.71,40.07,22.7,46.24,52.47,50.76,47.68,42.73,46.58,53.99
8:00,30.85,60.05,49.95,47.95,27.56,55.7,56.23,54.25,49.23,51.08,50.5,66.29
9:00,33.07,61.92,49.85,48.93,31.65,52.15,57.46,59.95,49.64,58.13,51.66,68.03
10:00,37.09,61.85,43.42,45.92,32.5,49.53,57.98,59.96,48.51,65.06,49.78,68.4
11:00,37.95,59.89,43.15,43.02,32.94,45.6,57.06,59.94,46.5,64.8,48.94,66.6
12:00,40.68,56.1,42.56,41,32.31,44.97,56.69,58.87,45.68,60.07,48.78,66.53
13:00,37.07,53.38,42.09,37.86,30.71,44.34,55.1,57.09,45,53.17,48.44,64.8
14:00,34.01,51.67,41.72,36.85,26.69,43.68,55.02,54.99,44.71,49.64,49.05,64.79
15:00,33.96,50.7,41.4,35.87,22.89,43.37,54.49,52.86,44.5,49.39,50.11,64.07
16:00,38.24,49.87,41.22,35.03,19.26,42.15,55.06,52.79,44.89,50.47,51.49,64.33
17:00,40.8,50.25,41.29,35.76,20.77,41.95,56.07,52.76,46.04,53.67,52.88,60.78
18:00,44.68,53.51,45.99,37.19,25.9,43.12,57.91,53.83,47.12,59.26,58.68,57.97
19:00,48.2,61.91,56.92,38.33,29.66,43.76,58.5,54.65,47.61,68.1,51.62,57.73
20:00,36.97,58.19,63.36,38.21,27.93,43.56,57.93,54.56,77.74,67.63,50.63,55.75
21:00,32.16,46.93,50.06,37.83,25.23,43.06,56.61,54.05,77,60.7,49.46,52.24
22:00,32.65,42.89,45.96,37.24,25.8,42.65,55.38,53.02,47.12,52.97,48.86,51.33
23:00,32.34,40.84,41.86,36.28,21.59,42.32,54.67,50.58,44.21,44.91,47.12,50
0:00,31.75,37.41,39.6,31.07,15.27,41.56,52.57,48.19,41.86,39.76,44.65,48.12
1:00,31.73,37.46,39.46,29.51,3.91,38.79,51.99,48.92,40.02,47.19,44.52,47.27
2:00,30.41,37.05,39.34,28.05,3.04,38,50.4,48.24,34.02,42.02,42.83,46.52
3:00,29.24,36.78,39.25,27.59,2.97,35.04,49.18,48.08,25.48,40.48,42.43,45.73
4:00,28.71,36.64,38.99,27.08,3.1,37.09,49.03,48.03,25.73,39.43,42.17,46.15
5:00,28.8,37.33,39.35,27.6,3.18,35.01,48.07,47.95,26.29,39.38,43.22,46.59
6:00,29.05,39.06,40.39,29.51,19.4,39.37,49.01,48.91,34.05,40,45.64,50.21
7:00,29.48,45.65,42.68,32.06,32.94,43.44,50.53,52.85,42.85,39.97,49.52,52.62
8:00,30.75,59.13,52.03,34.1,35.78,50.24,52.01,62.56,46.68,43.98,55.94,62.77
9:00,32.04,62.18,62.37,34.94,35.13,54.85,53.81,67.94,48.89,47.69,57.58,62.81
10:00,34.45,61.98,57.42,33.93,36.16,45.26,55.04,73.3,46.48,52.32,52.9,56.91
11:00,37.95,56.87,54.02,33.95,38.05,44.44,55.09,71.68,45.04,52.55,54.41,58.12
12:00,39.95,49.71,42.4,33.11,38.09,44.17,55.18,71.01,43.37,51.75,56.85,56.21
13:00,39.62,45.85,41.98,30.93,36.99,43.76,54.72,68.91,41.22,50.39,56.86,55.99
14:00,36.86,45.11,41.25,29.28,35.79,43.39,53.78,67.7,38.13,45.89,58.13,56.34
15:00,33.84,44.58,41.1,24.01,35.39,43.05,53.26,67.92,39.43,46.37,64.2,54.34
16:00,34.62,44.97,41.25,24.96,35.03,42.6,52.88,66.03,37.37,39.53,65,53.7
17:00,38.04,47.41,41.34,28.06,33.92,41.92,52.73,67.34,38.24,40.12,68.31,53.94
18:00,42.93,55.43,42.66,30.96,34.32,41.9,53.43,65.43,40.07,50.86,69.24,54.42
19:00,48.08,58.93,45.9,34.39,34.61,41.86,54.79,64.83,43.45,65.8,65.43,53.91
20:00,42.92,55.24,43.48,36.09,34.91,41.96,55.13,65.24,43.49,65.06,59.69,52.76
21:00,36.56,48.13,41.84,36.47,33.75,41.82,54.96,73.4,37.98,41.57,58.46,52.03
22:00,32.53,43.97,41.26,36.34,33.46,40.37,54.68,64.69,34.65,40.4,50.41,51.43
23:00,32.18,39.89,38.98,36.07,33.38,38.79,54.49,56.78,22.17,38.32,49.2,50.07
0:00,30.52,37.28,37.06,35,27.58,22.02,52.44,50.71,2.4,35.08,47.61,49.01
1:00,29.26,39.17,36.32,34.09,32.08,15.86,52.72,51.05,3.98,24.82,47.15,46.32
2:00,28.58,38.31,35.59,31.31,30.27,15.21,51.14,49.6,3.06,20.99,46.65,45.51
3:00,28.38,37.95,35.78,29.64,30.05,13.09,50.29,49.27,2.42,19.95,46.37,45.33
4:00,28.53,38.04,36.06,30.91,28.83,4.56,49.89,48.47,2.33,21.11,46.53,45.3
5:00,28.94,39.05,37.9,31.91,31.55,4.34,48.28,48.67,2.82,25.26,47.37,46.54
6:00,29.73,42.02,38.59,33.15,35.14,10.38,48.96,49.1,3.52,39.14,49.46,47.9
7:00,33.2,49.93,39.8,34.05,40.18,32.35,50.11,58.49,16.43,41.62,61.26,48.42
8:00,42.95,59.19,42.45,35.79,67.13,41.11,51.44,68.32,23.53,56.47,80.94,49.44
9:00,47.4,67.97,43.2,36.42,84.02,42.49,52.46,72.2,32.04,58.05,80.03,50.29
10:00,45.9,62.57,42.32,36.94,79.98,42.72,52.88,72.14,31.68,56.1,85.3,51.52
11:00,44.98,57.91,41.75,37,85.01,42.44,53.47,68.99,31.86,43.26,81.99,52.56
12:00,48.39,49.41,41.25,36.97,68.1,40.56,53.71,67.89,31.39,42.5,90.7,53.08
13:00,47,45.92,40.87,36.49,67.06,38.7,53.16,60.93,28.6,42.08,88.69,52.99
14:00,47.39,45.1,40.62,36,67.04,35.7,52.96,57.39,23.95,41.69,92.87,53.13
15:00,46.34,45.2,41.22,35.61,66.59,33.24,52.67,57.1,23.07,41.28,93.24,52.93
16:00,43.94,45.69,42.99,35.83,58.52,35.08,52.5,59.89,22.21,41.57,94.37,53.78
17:00,43.99,49.8,42.33,36.09,58.51,33.47,52.62,56.88,23.89,42.14,103,55.04
18:00,50.72,57.73,52,36.62,58.5,37.08,52.76,64.14,31.54,58.03,128.26,56.52
19:00,51,61.45,70.26,36.82,54.77,40.61,53.14,64.7,36.52,67.04,109.94,57.07
20:00,48.05,55.8,52.05,36.87,59.66,40.25,55.14,58.61,37.7,65.09,84.08,55.29
21:00,42.82,45.83,48.04,36.96,39.59,36.52,56.19,54.35,35.48,42.72,78.18,53.07
22:00,38.99,44.44,43.27,36.14,47.36,35.75,56.85,53.83,31.96,41.6,60.46,52.07
23:00,36.2,42.44,42,34.48,41.94,35.97,56.24,49.82,25.94,39.43,52.57,51.09
0:00,33.5,38.2,41.43,33.1,36.04,33.27,53.38,48.06,21.04,35.01,49.56,50.47
1:00,33.38,38.58,41.39,30.25,37.91,24.04,51.81,48.38,22.09,30.36,49.73,51.49
2:00,31.74,37.53,41.12,24.99,36.42,18.42,50.2,47.43,12.97,17.38,49.12,50.83
3:00,30.78,37.24,40.95,24.93,36.04,17.99,47.95,47.3,10.03,12.1,48.53,50.74
4:00,30.38,37.13,40.49,24.87,34.53,15.45,47.1,47.77,17,12.96,48.67,50.14
5:00,30.97,37.54,40.55,24.95,35.24,11.05,45.78,47.37,22.8,21.8,49.33,49.94
6:00,32.48,39.85,42.78,34.27,37.7,13.01,50.23,49.31,30.84,34.92,50.67,50.46
7:00,39.04,48.36,52.05,37.21,40.61,17.04,53.61,54.09,34.94,41.21,71.26,50.88
8:00,48.93,61.62,65.62,39.04,78.1,36.05,57.54,62.44,36.08,43.54,95,51.37
9:00,52.74,63.03,70.42,41.38,101.25,40.15,59.94,66.42,42.05,43.66,103.46,51.61
10:00,50.79,55.5,65.72,39.93,86.22,42.03,59.05,70.19,43.71,43.1,98,52.22
11:00,47.04,54.1,60.4,38.99,81.84,42.83,58.58,68.45,44.41,42.83,94.84,52.8
12:00,43.83,46.35,56.72,37.99,84.76,42.64,59.4,64.96,44.32,41.99,98.93,53
13:00,40.06,42.77,48.06,36.99,84.94,42.19,58.68,60.05,43.83,41.07,98.28,53.11
14:00,37.28,40.29,44.12,36.76,84.83,41.95,56.86,56.12,43.69,40.39,94.9,52.93
15:00,36.59,39.44,42.95,36.37,65.25,41.33,56.61,57.41,43.57,40.52,93.6,52.93
16:00,36.6,39.74,42.49,36.18,68.14,41.01,56.56,62.43,42.76,40.01,92.17,53.75
17:00,34.54,44.33,42.48,35.99,64.23,40.39,56.64,66.68,43.02,39.6,97.09,55.99
18:00,37.02,50.48,43.43,36.26,55.04,41.76,57.91,69.91,43.85,40.47,106.58,61.2
19:00,32.99,53.97,45.31,37.28,42.87,41.95,58.8,71.11,46.84,41.22,93.72,61.2
20:00,32.69,48.09,43.67,37.79,45.72,42.52,59.97,72.2,48.21,40.93,84.05,57.42
21:00,30.99,41.81,41.9,37.44,44.12,42.67,58.66,71.24,46.88,40.17,73.75,55.61
22:00,29.62,38.71,41.19,37,40.91,42.6,57.6,67.85,44.01,38.56,57.78,53.99
23:00,28.72,37.78,40.48,35.99,40.06,42.26,56.1,59.86,42.47,36.22,53.25,53.86
0:00,28.11,36.05,39.61,27.57,35.37,39.44,53.95,50.31,36.94,30.08,47.5,52.32
1:00,27.16,37.55,40.24,28.05,37,39.66,52.56,50.42,25.53,26.09,48.46,51.29
2:00,26.92,37.05,39.05,27.01,34.13,38.01,50.35,50.21,18.13,29.79,47.94,50.31
3:00,25.21,36.95,38.05,27.01,33.01,36.61,49.57,49.73,3.97,29.73,46.61,49.1
4:00,25.62,36.84,37.48,24.12,31.79,35.78,49.08,49.06,4.4,28.58,47.06,48.76
5:00,25.91,36.99,38.14,23.4,32.34,35.45,48.17,48.97,19.69,29.95,47.55,48.43
6:00,27.39,37.05,38.35,30.1,36.44,35.59,50.87,49.62,37.02,38.42,47.95,49.71
7:00,28.83,37.59,38.86,36.37,40.46,39.14,53.97,53.18,44.88,42.57,48.12,50.02
8:00,31.94,37.96,40.18,38.08,61.19,40.72,60.63,60.33,47.77,50.24,52.07,50.56
9:00,32.39,38.03,41.58,38.34,75.98,43.08,62.9,64.98,49.64,51.62,61.66,52.33
10:00,31.88,40.21,41.5,37.55,68.51,43.33,61.32,62.96,48.41,51.89,70.47,53.39
11:00,30.57,41.38,40.67,36.91,69.58,43.96,59.57,57.89,47.96,51.91,71.73,53.1
12:00,29.9,41.17,40.15,36.74,69.58,44.35,58.46,54.87,47.1,50.58,71.41,52.88
13:00,29.82,38.87,39.72,36.49,65.08,44.28,57.44,52.51,47.21,45.5,71.26,52.97
14:00,29.4,37.78,39.23,36.23,61.81,44.14,56.72,51.8,46.6,51.73,65.32,52.46
15:00,29.36,36.95,39.22,35.58,58.39,44.24,57.03,50.63,45.1,50.97,63.02,52.44
16:00,29.35,36.95,39.43,35.38,51.75,43.9,57.67,49.45,45.09,50.03,63.48,52.9
17:00,29.33,37.79,40.55,35.84,41.64,43.91,58.19,49.35,45.08,51.5,68.11,53.24
18:00,29.7,40.84,42.42,36.37,41.7,44.06,61.86,50.15,48.14,58.31,74.5,52.61
19:00,29.27,43.31,44.13,36.63,42.69,44.32,62.63,52.53,48.23,65.13,69.1,51.31
20:00,29.04,40.78,43.8,37.02,43.98,44.95,63.94,53.53,48.85,63.51,70.07,50.74
21:00,28.45,38.86,42.33,36.88,43.74,44.91,62.68,52.85,48.63,60.07,60.48,49.76
22:00,28.15,37.84,41.94,36.53,41.97,45.56,62.36,52.87,46.09,50.07,52.19,48.53
23:00,25.04,37.37,40.29,36.11,39.86,45.52,57.74,50.27,42.77,42.87,49.21,48.38
0:00,15.59,36.96,38.07,26.77,35.18,43.29,54.47,49.5,39.22,41.19,48.12,46.4
1:00,21.76,37.66,38.52,35.46,35.97,42.56,53.64,50.21,37.96,40.92,48.43,43.48
2:00,15.85,37.51,38.01,34.14,34.17,40.97,51.57,49.55,38.06,38.53,47.9,41.27
3:00,15.18,37.21,36.96376226,32.69,33.4,39.68,50.42,49.1,38.13,37.68,47.23,38.03
4:00,17.8,36.87,37.85,32.34,32.09,39.32,50.31,49.28,38.64,38.02,46.91,35.21
5:00,22.52,36.78,37.28,32.43,33.01,36.98,50.02,49.23,39.22,38.31,46.57,35.08
6:00,26,37.19,37.51,34.99,37.44,43.04,51.44,49.38,45.19,40.94,46.92,42.99
7:00,28.12,37.63,37.99,37.7,41.85,46.32,54.43,49.64,49.47,44.59,47.91,45.68
8:00,30.2,38.11,38.67,39.78,47.37,57.22,62.96,51.09,49.52,46.78,47.97,46.46
9:00,30.95,38.43,39.64,40.91,48.01,65.61,65,54.62,70.49,46.92,49.27,46.5
10:00,30.96,39.13,40.92,40.04,47.95,69.64,66.67,55.2,66.96,46.79,53.87,46.31
11:00,30.86,39.33,41.02,39.65,47.41,71.9,65.04,54.16,63.78,46.16,54.96,40.57
12:00,30.49,38.93,40.82,39.14,44.81,72.06,70.05,51.76,60.2,45.59,56.95,42.26
13:00,30.22,38.5,40.28,38.12,43.19,76.72,70.9,50.34,54.03,44.52,51.69,46.76
14:00,30.29,37.6,39.66,37.76,43.05,72.02,70.22,49.79,49.32,43.92,49.87,46
15:00,30.43,36.74,39.11,37.36,41.72,69.42,63.83,49.61,47.05,44.12,55.02,46.3
16:00,30.85,36.8,38.62,36.92,40.47,46.34,62.11,49.62,46.9,44.86,50.35,47
17:00,31.83,37.47,38.25,36.7,40.5,45.49,59.91,50.3,48.01,45.7,59.99,46.67
18:00,45.65,41.77,38.96,36.84,41.46,46.49,62.18,52.2,47.27,55.13,66.03,46.26
19:00,44.51,45.96,40.92,37.07,42.17,47.75,65.8,55.37,48.54,60.54,63.87,45.26
20:00,32.14,43.59,43.51,38.22,41.86,49.95,66.9,57.05,48.57,60.31,51.68,42.74
21:00,31.48,39.94,43.07,38.62,40.94,50.6,65.45,55.93,46.7,54.64,51.19,42.53
22:00,30.72,38.07,42,37.83,40.82,48.87,64.37,55.65,42.81,46.14,49.71,38.68
23:00,29.71,37.84,41.11,36.47,40.31,46.7,60.54,53.12,38.02,45.16,49.41,39.94
0:00,28.98,36.51,39.54,33.33,38.91,43.99,54.43,49.88,34.47,44.21,47.88,27.4
1:00,29.28,36.03,40.36,34.24,40.14,44.09,51.67,50.02,25.32,44.93,48.27,25.04
2:00,28.99,36.04,39.53,30.08,38.66,42.26,50.24,49.49,16.26,44.66,47.85,24.57
3:00,28.94,36.04,38.92,30.48,36,41.28,49.07,48.89,10.09,44.72,46.42,21.71
4:00,29.1,36.12,38.01,32.38,34.97,41.56,48.3,48.56,6.28,45.06,45.07,23.68
5:00,29.55,36.75,39.34,32.62,34.27,41.15,47.49,48.45,3.88,45.65,45.08,20.99
6:00,30.1,38.94,41.65,34.5,33.81,43.34,50.14,48.24,19.04,48.7,48.8,28.51
7:00,38.95,46.63,45.89,37.03,37.33,47.56,53.57,48.39,35,67,56.66,35.7
8:00,48.21,67.66,51.6,39.77,39.62,56.96,60.77,49.25,38.93,75.69,79.27,46.48
9:00,51.39,64.67,63.81,43.25,41.63,60.4,65.66,50.26,39.1,80.31,83.08,49.35
10:00,53.21,48.59,67.59,39.06,41.47,58.89,62.96,52.39,38.96,77,80.95,50.97
11:00,52.72,46.32,57.93,38.34,40.61,68.14,61.47,54.43,38.9,73.42,78.33,50.85
12:00,51.9,43.63,54.88,38.05,40.04,69.46,62.05,54.77,37.14,67.75,84.9,51.19
13:00,49.02,41.96,51.97,37.63,39.07,69.41,60.77,53.38,35.03,57.2,84.85,51.74
14:00,48.02,41.21,50.54,37.36,37.98,69.3,60.76,52.69,31.98,50.46,90.2,51.81
15:00,47.78,41.25,47.92,37.07,37.1,49.94,59.68,52.1,30.82,47.85,92.47,51.33
16:00,47.09,42.23,45.34,36.75,36.8,50.13,58.02,50.29,33.95,48.6,95,51.92
17:00,47.09,45,44.03,36.49,36.94,47.83,56.81,50.46,36.24,55.27,100.02,52.58
18:00,49.92,52.95,45.09,36.12,39.08,49.99,59,52.02,37.47,65.75,105.02,52.53
19:00,52.74,73.73,49.55,36.72,41.72,52.09,61,58.36,38,69.31,94.05,52.36
20:00,44.28,57.65,53.48,37.54,42.29,54.88,61.95,58.82,38.52,65.98,74.76,50.99
21:00,32.45,46.81,48.06,37.93,42.22,53.4,60.61,59.91,37.9,56.68,62.05,50.23
22:00,31.55,43.1,45.34,38.17,41.99,50.94,59.8,59.14,35.2,48.75,52.97,49.73
23:00,30.65,40,43.64,37.49,41.82,49.41,54.32,53.61,30,44.26,50.64,49.21
0:00,30.19,38.93,42.1,35.74,39.12,44.42,52.07,50.15,21.61,42.52,49.06,48.03
1:00,30.8,39.75,42.4,35.05,38.82,43.96,52.06,50,18.67,43.01,49.01,47.41
2:00,30.22,38.28,40.15,33.07,36.3,41.94,50.26,48.67,14.49,41.22,48.26,47.1
3:00,30.01,37.66,39.75,32.43,34.02,41.62,48.11,47.22,17.98,40.06,48.05,46.74
4:00,29.99,37.69,39.53,33.4,33.06,41.48,47.76,45.07,22.54,39.18,48.45,45.03
5:00,30.23,38.7,39.86,33.99,32.6,40.33,46.43,45.08,17.46,39.46,49.32,46.02
6:00,30.78,40.81,41.83,35.55,32.01,43.82,50.86,48.82,29.43,40.44,51.34,49.74
7:00,30.76,43.09,45.62,37.88,34.42,49.56,53.35,51.83,39.33,40.6,70.18,51.03
8:00,30.76,71.98,54.92,39.94,36.52,58.17,60.91,54.95,43.91,43.33,93.03,52.58
9:00,37.22,72.38,67.48,41.38,37.67,69.14,64.78,61.16,43.91,44.71,100,52.77
10:00,40.01,50.53,60.69,41.04,38.86,71.85,64.23,60.58,42.33,45.59,99,53.39
11:00,38.03,45.85,55.98,40.14,39.25,71.49,65.73,60.04,41.73,46,93.37,53.4
12:00,33.95,43.13,52.38,38.89,38.98,80.81,65.3,57.36,42.56,46.09,95,53.24
13:00,32.77,42.44,47.53,37.66,38.56,80.61,56.39,55.99,41.41,45.6,88.98,53.44
14:00,31.99,41.91,44.96,36.48,37.94,76.05,54.39,59.13,39.72,45.47,88.21,53.25
15:00,31.46,42.27,44.18,36.2,37.24,71.78,54.07,57.04,39.13,45.48,85.99,53.23
16:00,31.08,45.27,43.99,36.27,37.63,63.09,54.25,55.46,39.47,45.24,86.94,53.77
17:00,31.29,47.01,43.86,36.72,37.87,53.17,54.42,54.05,39.53,46.09,89.34,54.45
18:00,35.84,62.1,44.19,37.4,38.91,58.54,58.02,54.1,39.37,56.33,98.27,54.54
19:00,32.63,73.32,44.44,37.76,41.34,51.96,60.09,57.58,41.73,66.15,92.43,53.76
20:00,31.96,52.31,45.49,37.81,42.3,55.01,61.21,62.18,43.91,66.16,82.76,52.9
21:00,30,45.85,44.24,37.84,42.11,52.6,58.46,60.96,42.76,59.69,68.48,52.09
22:00,29.04,40.99,42.8,37.94,41.98,50.02,55.83,59.43,40,46.16,56.98,51.22
23:00,28.69,38.72,41.1,37.6,41.27,47.7,53.03,52.89,36,45.82,53.12,50.1
0:00,28.23,37.72,39.79,36,37.69,45.34,50.85,50.14,30.41,44.23,49.49,48.98
1:00,28.21,37.98,41.46,35.92,37.09,44.7,50.67,52.75,32.78,44.53,48.97,50.04
2:00,27.72,37.7,41.47,34.32,33.66,41.67,49.04,52.04,29.91,43.58,47.57,49.42
3:00,26.88,37.7,41.38,33.29,28.86,41.63,45.05,52.51,26.07,41.62,47.01,49.19
4:00,26.59,37.82,41.61,33.17,28.24,41.03,43.09,52.47,28.54,41.59,46.28,48.51
5:00,26.72,38.06,41.68,32.72,29.21,40,42.24,52.33,28.87,40.12,46.73,48.07
6:00,27.09,39.02,43.48,32.55,37.45,44.01,44.46,53.55,35.65,40.01,48.95,50.12
7:00,27.43,44.98,45.61,34.84,43.04,47.13,47.05,62.7,40.2,40.93,55.78,51.72
8:00,27.5,57.38,53.95,36.02,49.29,52.96,49.85,69.73,44.44,41.95,67.76,52.95
9:00,27.89,70.67,67.33,36.56,51.27,58.5,52.08,72.18,45.48,43.61,70,54.37
10:00,28.07,68.83,59.84,37.18,50.91,52.34,53.08,72.24,45.06,45.02,65.29,55.21
11:00,28.68,68.04,54.99,37.02,49.93,50.25,53.6,70.53,44.91,45.86,55.22,55.23
12:00,28.73,50.09,48.77,36.74,48.3,49.75,53.56,69.95,44.1,47,52.26,55.21
13:00,28.67,44.97,46.26,35.98,46.23,49.34,52.64,66.2,42.07,46.87,51.61,55.39
14:00,28.53,43.47,45.13,35.52,47.01,49.21,51.35,68.65,41.41,46.25,51.61,55.28
15:00,28.19,42.89,45,34.98,47.54,48.52,50.91,67.1,39.87,45,51.93,55.29
16:00,28.58,42.82,44.07,34.76,48.81,47.59,50.62,68.16,38.99,44.51,55.88,56.26
17:00,28.82,44.96,43.46,34.96,49.95,46.68,50.84,68.74,38.49,45.58,59.27,58.61
18:00,29.25,67.94,44,36.23,52.01,47.95,50.88,71.95,40.28,47.2,60.76,61.72
19:00,29.31,72.91,44.93,37.06,51.46,48.94,51.46,73.17,44.13,48.37,50.39,56.96
20:00,29.03,50.87,46.99,42.17,53.34,49.98,52.88,79.52,44.65,47.94,49.21,55.25
21:00,28.8,44.91,45.56,42.01,48.78,47.75,52.84,82.51,44.64,46.3,47.79,53.1
22:00,28.58,41.54,43.35,37.93,45.35,45.78,53.09,72.76,43.95,45,46.21,52.4
23:00,27.96,38.72,40.81,36.96,42.96,45.71,53.45,64.96,43.77,44.27,44.91,51.48
0:00,27.58,,39.46,35.96,38.76,41.46,50.59,57.4,42.98,42.58,38.91,50.18
1:00,27.67,,39.29,35.98,36.16,39,50.02,56.16,42.91,41.16,40.9,51.08
2:00,26.9,,38.98,34.87,34.08,37.89,46.74,54.11,42.46,40.53,35.96,49.87
3:00,26.15,,38.41,34.58,35.53,36.02,45.04,53.05,42.48,39.95,34.26,48.9
4:00,27.43,,38.91,34.01,35.22,33.98,44.05,52.4,42.46,39.62,35.01,47.15
5:00,27.74,,39.12,33.95,33.29,33.96,43.9,52.51,42.5,39.94,38.98,46.79
6:00,28.56,,39.58,33.6,38.55,38.15,44.02,54.44,42.07,40.6,43.69,47.21
7:00,29.77,,39.8,34.47,42.89,45.15,46.83,65.08,41.38,43.75,47.88,48.01
8:00,30.78,,42.36,34.82,52.26,51.13,48.08,71.95,41.13,50.1,49.6,50.02
9:00,30.9,,43.6,35.61,59.58,54.53,50.2,73.66,41.8,62.79,49.6,51.12
10:00,30.6,,43.34,35.97,53.1,50.81,51.15,73.06,42.49,61.06,48.94,52
11:00,30.56,,41.86,36.03,53.56,49.45,51.38,71.1,42.52,55.19,48.65,51.73
12:00,30.52,,40.93,35.97,46.99,49.09,51.25,71.03,40.55,56.94,48.65,51.74
13:00,30.41,,40.52,35.64,44.58,48.21,51.14,67.91,36.63,47.03,48.65,52.09
14:00,30.34,,39.92,35.32,43.96,47.74,51.12,64.99,32.84,46.53,48.78,51.98
15:00,30.34,,39.56,34.99,43.2,47.08,51.21,64.94,27.26,46.07,48.65,51.14
16:00,30.52,,39.63,34.45,42.67,46.43,51.39,68.81,33.36,45.92,48.83,50.79
17:00,30.6,,39.85,34.62,42.32,46.17,51.39,70.07,35.69,45.96,48.77,51.5
18:00,31.98,,41.34,35.23,43.64,46.18,52.41,73.28,39.45,50.98,48.88,52.67
19:00,33.44,,42.12,35.6,45.13,47.72,52.84,75.02,40.86,54.87,48.68,52
20:00,30.67,,43.61,35.33,46.1,49.75,55.76,74.9,41.06,47.51,48,50.79
21:00,29.77,,42.63,35.31,44,49.73,57.43,74.1,40.07,45.63,46.74,49.22
22:00,29.14,,42.48,35.74,43.35,48.66,58.37,66.99,37.41,44.91,45.63,48
23:00,28.67,,42.08,35.3,42.55,46.98,56.79,53.93,29.1,43.16,42.73,46.47
0:00,28.13,,40.87,33.39,38.17,43.28,53.03,52.25,19.92,41.07,39.34,44.45
1:00,27.96,,39.92,31.93,38.13,45.04,51.52,51.78,25.89,39.02,35.26,48.68
2:00,27.76,,39.49,30.36,36.22,43.05,48.12,50.3,20.63,39.29,36.77,48.05
3:00,27.4,,39.17,25.09,35,43.23,45.67,49.84,19.17,37.07,36.63,47.99
4:00,27.54,,39.23,21.21,33.4,40.21,45.35,49.61,21.71,37.03,36.96,48.03
5:00,27.88,,39.34,23.92,33.97,40.65,45.06,50,24.99,37.76,39.51,48.43
6:00,28.7,,39.88,31.01,39.06,43.17,50.03,52.56,26.53,39.57,43.05,48.76
7:00,31.09,,39.96,33.92,44.26,44.78,52.56,56.47,30.52,41.04,46.61,49.48
8:00,34.57,,41.48,34.46,51.94,46.03,59.21,66.14,32.31,43,48.56,49.84
9:00,33.42,,43.53,35.64,56.89,47.7,62.49,70.89,35.65,44.89,48.97,49.85
10:00,32.83,,43.17,35.01,53.15,47.62,71.04,72.35,37.63,44.81,48.67,49.46
11:00,32.93,,42.59,34.71,49.91,48.22,70.79,74.08,32.06,44.23,48.13,50.23
12:00,32.43,,41.71,34.1,47.97,47.92,74.94,76.12,31.14,44.11,47.95,51.16
13:00,32.33,,40.92,33.95,44.9,47.5,80.04,76.29,30.91,44.16,47.92,51.16
14:00,32.19,,40.33,33.43,44.91,46.34,61.27,76.82,30.04,43.93,47.98,50.14
15:00,32.16,,40.16,32.97,44.74,45.82,61.23,74.16,30.78,43.77,47.99,50.05
16:00,32.37,,40.11,30.21,44.98,45.44,58.08,70.36,34.75,43.91,48.36,51.09
17:00,32.86,,40.33,30.09,45.56,45.42,57.32,66.22,39.12,44.65,60.7,52.34
18:00,43.64,,41.04,30.99,48.73,46.37,62.96,63.2,43,45.4,60.22,54.39
19:00,42.36,,41.82,30.99,55.83,47.62,64.35,65.49,45.19,46.36,51.72,55.13
20:00,36.5,,42.71,33.81,58.21,48.54,66.22,68.31,46.79,46.12,47.52,55
21:00,33.17,,42.4,34.43,52.92,48.16,63.58,69.77,45.37,44.91,46.08,53.98
22:00,32.37,,42.23,33.49,49.48,47.51,62.34,63.7,43.8,44.02,45.67,52.98
23:00,31.12,,40.87,33.09,45.08,47.38,60.37,56.16,42.52,42.81,44.8,52.99
0:00,30.11,,39.5,,42.43,,53.03,53.92,,40.33,,51.98
1:00,29.61,,39.98,,42.02,,51.44,53.87,,38.66,,49.85
2:00,28.98,,40.07,,39.66,,50.27,52.8,,37.26,,49.13
3:00,28.1,,39.94,,38.65,,50.19,52.66,,37.04,,48.28
4:00,27.99,,40,,38.15,,49.68,53.04,,35.06,,45.92
5:00,27.85,,40.1,,37.91,,47.9,53.43,,35.21,,45.47
6:00,28.06,,39.92,,39.31,,50.63,55.41,,38.45,,47.11
7:00,30.07,,39.68,,42.64,,53.08,58.94,,40.74,,49.12
8:00,31.35,,39.78,,48.78,,62.48,68.05,,43.52,,49.8
9:00,31.82,,40.52,,49.27,,67.39,71.56,,44.94,,49.74
10:00,30.89,,40.74,,45.81,,67.52,71.79,,44.82,,50.06
11:00,30.71,,40.65,,45.66,,63.55,71.19,,44.19,,50.76
12:00,30.03,,40.2,,45.45,,62.22,71.06,,43.83,,50.85
13:00,29.61,,40,,44.76,,58.05,69.09,,44.04,,50.09
14:00,29.38,,39.77,,44.82,,55.8,67.25,,44.13,,49.97
15:00,29.63,,39.45,,44.83,,54.17,66.77,,44.47,,49.96
16:00,29.63,,39.27,,44.12,,54.41,65.6,,52.42,,50.51
17:00,30.26,,39.14,,43.77,,55.35,66.7,,64.49,,50.83
18:00,32.05,,39.34,,44.48,,62.51,68.39,,73.64,,50.11
19:00,33.53,,40.05,,47.33,,65.06,67.99,,82.07,,49.35
20:00,31.74,,40.72,,49.6,,65.96,68.02,,74.02,,47.51
21:00,29.92,,40.74,,48.74,,65.32,68.54,,62.2,,45.82
22:00,28.85,,40.24,,45.76,,65.32,66.37,,48.88,,43.03
23:00,28.32,,39.98,,44.12,,63.68,60.72,,43.63,,38.54
0:00,25.7,,,,,,,,,42.26,,
